<?xml version='1.0' encoding='UTF-8'?>
<root>
 <tabbed_widget name="Main Window" parent="main_window">
  <Tab containers="1" tab_name="机身高度">
   <Container>
    <DockSplitter sizes="0.333071;0.333857;0.333071" orientation="-" count="3">
     <DockArea name="...">
      <plot mode="TimeSeries" flip_y="false" flip_x="false" style="Lines">
       <range top="0.330000" bottom="0.280000" left="24.625000" right="33.979000"/>
       <limitY min="0.28" max="0.33"/>
       <curve color="#1f77b4" name="/mdata_movement/p.2"/>
       <curve color="#d62728" name="/mdata_movement/p_d.2"/>
      </plot>
     </DockArea>
     <DockArea name="...">
      <plot mode="TimeSeries" flip_y="false" flip_x="false" style="Lines">
       <range top="1.000000" bottom="-0.100000" left="24.625000" right="33.979000"/>
       <limitY min="-0.1" max="1"/>
       <curve color="#1ac938" name="/mdata_movement/v.0"/>
       <curve color="#ff7f0e" name="/mdata_movement/v_d.0"/>
      </plot>
     </DockArea>
     <DockArea name="...">
      <plot mode="TimeSeries" flip_y="false" flip_x="false" style="Lines">
       <range top="3.295400" bottom="-3.297518" left="24.625000" right="33.979000"/>
       <limitY/>
       <curve color="#1f77b4" name="/mdata_turning/q.2"/>
       <curve color="#d62728" name="/mdata_turning/q_d.2"/>
      </plot>
     </DockArea>
    </DockSplitter>
   </Container>
  </Tab>
  <Tab containers="1" tab_name="角速度">
   <Container>
    <DockSplitter sizes="1" orientation="-" count="1">
     <DockArea name="...">
      <plot mode="TimeSeries" flip_y="false" flip_x="false" style="Lines">
       <range top="1.500000" bottom="-1.500000" left="24.625000" right="33.979000"/>
       <limitY min="-1.5" max="1.5"/>
       <curve color="#f14cc1" name="/mdata_turning/w.2"/>
       <curve color="#9467bd" name="/mdata_turning/w_d.2"/>
      </plot>
     </DockArea>
    </DockSplitter>
   </Container>
  </Tab>
  <currentTabIndex index="0"/>
 </tabbed_widget>
 <use_relative_time_offset enabled="1"/>
 <!-- - - - - - - - - - - - - - - -->
 <!-- - - - - - - - - - - - - - - -->
 <Plugins>
  <plugin ID="DataLoad CSV">
   <default time_axis="" delimiter="0"/>
  </plugin>
  <plugin ID="DataLoad MCAP"/>
  <plugin ID="DataLoad ROS bags">
   <use_header_stamp value="false"/>
   <discard_large_arrays value="true"/>
   <max_array_size value="100"/>
   <boolean_strings_to_number value="true"/>
   <remove_suffix_from_strings value="true"/>
  </plugin>
  <plugin ID="DataLoad ULog"/>
  <plugin ID="ROS Topic Subscriber">
   <use_header_stamp value="false"/>
   <discard_large_arrays value="true"/>
   <max_array_size value="100"/>
   <boolean_strings_to_number value="true"/>
   <remove_suffix_from_strings value="true"/>
  </plugin>
  <plugin ID="UDP Server"/>
  <plugin ID="WebSocket Server"/>
  <plugin ID="ZMQ Subscriber"/>
  <plugin ID="Fast Fourier Transform"/>
  <plugin ID="Quaternion to RPY"/>
  <plugin ID="Reactive Script Editor">
   <library code="--[[ Helper function to create a series from arrays&#xa;&#xa; new_series: a series previously created with ScatterXY.new(name)&#xa; prefix:     prefix of the timeseries, before the index of the array&#xa; suffix_X:   suffix to complete the name of the series containing the X value. If [nil], use the index of the array.&#xa; suffix_Y:   suffix to complete the name of the series containing the Y value&#xa; timestamp:   usually the tracker_time variable&#xa;              &#xa; Example:&#xa; &#xa; Assuming we have multiple series in the form:&#xa; &#xa;   /trajectory/node.{X}/position/x&#xa;   /trajectory/node.{X}/position/y&#xa;   &#xa; where {N} is the index of the array (integer). We can create a reactive series from the array with:&#xa; &#xa;   new_series = ScatterXY.new(&quot;my_trajectory&quot;) &#xa;   CreateSeriesFromArray( new_series, &quot;/trajectory/node&quot;, &quot;position/x&quot;, &quot;position/y&quot;, tracker_time );&#xa;--]]&#xa;&#xa;function CreateSeriesFromArray( new_series, prefix, suffix_X, suffix_Y, timestamp )&#xa;  &#xa;  --- clear previous values&#xa;  new_series:clear()&#xa;  &#xa;  --- Append points to new_series&#xa;  index = 0&#xa;  while(true) do&#xa;&#xa;    x = index;&#xa;    -- if not nil, get the X coordinate from a series&#xa;    if suffix_X ~= nil then &#xa;      series_x = TimeseriesView.find( string.format( &quot;%s.%d/%s&quot;, prefix, index, suffix_X) )&#xa;      if series_x == nil then break end&#xa;      x = series_x:atTime(timestamp)&#x9; &#xa;    end&#xa;    &#xa;    series_y = TimeseriesView.find( string.format( &quot;%s.%d/%s&quot;, prefix, index, suffix_Y) )&#xa;    if series_y == nil then break end &#xa;    y = series_y:atTime(timestamp)&#xa;    &#xa;    new_series:push_back(x,y)&#xa;    index = index+1&#xa;  end&#xa;end&#xa;&#xa;--[[ Similar to the built-in function GetSeriesNames(), but select only the names with a give prefix. --]]&#xa;&#xa;function GetSeriesNamesByPrefix(prefix)&#xa;  -- GetSeriesNames(9 is a built-in function&#xa;  all_names = GetSeriesNames()&#xa;  filtered_names = {}&#xa;  for i, name in ipairs(all_names)  do&#xa;    -- check the prefix&#xa;    if name:find(prefix, 1, #prefix) then&#xa;      table.insert(filtered_names, name);&#xa;    end&#xa;  end&#xa;  return filtered_names&#xa;end&#xa;&#xa;--[[ Modify an existing series, applying offsets to all their X and Y values&#xa;&#xa; series: an existing timeseries, obtained with TimeseriesView.find(name)&#xa; delta_x: offset to apply to each x value&#xa; delta_y: offset to apply to each y value &#xa;  &#xa;--]]&#xa;&#xa;function ApplyOffsetInPlace(series, delta_x, delta_y)&#xa;  -- use C++ indeces, not Lua indeces&#xa;  for index=0, series:size()-1 do&#xa;    x,y = series:at(index)&#xa;    series:set(index, x + delta_x, y + delta_y)&#xa;  end&#xa;end&#xa;"/>
   <scripts/>
  </plugin>
  <plugin ID="CSV Exporter"/>
  <plugin ID="ROS /rosout Visualization"/>
  <plugin ID="ROS Topic Re-Publisher"/>
 </Plugins>
 <!-- - - - - - - - - - - - - - - -->
 <previouslyLoaded_Datafiles/>
 <previouslyLoaded_Streamer name="ROS Topic Subscriber"/>
 <!-- - - - - - - - - - - - - - - -->
 <customMathEquations/>
 <snippets/>
 <!-- - - - - - - - - - - - - - - -->
</root>

